Datetime,Water Level (m)
2025-08-06 12:00:00,0.5932738
2025-08-06 13:00:00,0.68643856
2025-08-06 14:00:00,0.67203873
2025-08-06 15:00:00,0.5405565
2025-08-06 16:00:00,0.32317835
2025-08-06 17:00:00,0.06908765
2025-08-06 18:00:00,-0.13074018
2025-08-06 19:00:00,-0.21368454
2025-08-06 20:00:00,-0.18598188
2025-08-06 21:00:00,-0.00963443
2025-08-06 22:00:00,0.2750624
2025-08-06 23:00:00,0.59010774
2025-08-07 00:00:00,0.86620337
2025-08-07 01:00:00,1.0595493
2025-08-07 02:00:00,1.1177926
2025-08-07 03:00:00,1.0504152
2025-08-07 04:00:00,0.8373387
2025-08-07 05:00:00,0.5436802
2025-08-07 06:00:00,0.24622402
2025-08-07 07:00:00,0.009355442
2025-08-07 08:00:00,-0.11965304
2025-08-07 09:00:00,-0.08479477
2025-08-07 10:00:00,0.073544376
2025-08-07 11:00:00,0.31943902
2025-08-07 12:00:00,0.5823832
2025-08-07 13:00:00,0.7617302
2025-08-07 14:00:00,0.83551675
2025-08-07 15:00:00,0.75571674
2025-08-07 16:00:00,0.55402833
2025-08-07 17:00:00,0.2636362
2025-08-07 18:00:00,-0.041997753
2025-08-07 19:00:00,-0.2520562
2025-08-07 20:00:00,-0.32600382
2025-08-07 21:00:00,-0.23726647
2025-08-07 22:00:00,0.01755611
2025-08-07 23:00:00,0.37702605
2025-08-08 00:00:00,0.7530356
2025-08-08 01:00:00,1.0634267
2025-08-08 02:00:00,1.2377799
2025-08-08 03:00:00,1.2307919
2025-08-08 04:00:00,1.0627341
2025-08-08 05:00:00,0.7443691
2025-08-08 06:00:00,0.36749357
2025-08-08 07:00:00,0.029645763
2025-08-08 08:00:00,-0.19656405
2025-08-08 09:00:00,-0.25468543
2025-08-08 10:00:00,-0.13988502
2025-08-08 11:00:00,0.1259495
2025-08-08 12:00:00,0.44621688
2025-08-08 13:00:00,0.7377599
2025-08-08 14:00:00,0.91677725
2025-08-08 15:00:00,0.9342348
2025-08-08 16:00:00,0.79328394
2025-08-08 17:00:00,0.50519276
2025-08-08 18:00:00,0.14074534
2025-08-08 19:00:00,-0.18804146
2025-08-08 20:00:00,-0.37458545
2025-08-08 21:00:00,-0.40546244
2025-08-08 22:00:00,-0.22319107
2025-08-08 23:00:00,0.12757695
2025-08-09 00:00:00,0.5548459
2025-08-09 01:00:00,0.9612966
2025-08-09 02:00:00,1.2626947
2025-08-09 03:00:00,1.3703262
2025-08-09 04:00:00,1.2555269
2025-08-09 05:00:00,0.99628335
2025-08-09 06:00:00,0.58965784
2025-08-09 07:00:00,0.1600345
2025-08-09 08:00:00,-0.18024522
2025-08-09 09:00:00,-0.34436423
2025-08-09 10:00:00,-0.31929803
2025-08-09 11:00:00,-0.1032838
2025-08-09 12:00:00,0.24063967
2025-08-09 13:00:00,0.629077
2025-08-09 14:00:00,0.9297883
2025-08-09 15:00:00,1.0681503
2025-08-09 16:00:00,1.0157566
2025-08-09 17:00:00,0.7826301
2025-08-09 18:00:00,0.39889973
2025-08-09 19:00:00,-0.0051922943
2025-08-09 20:00:00,-0.3284996
2025-08-09 21:00:00,-0.48263368
2025-08-09 22:00:00,-0.43206325
2025-08-09 23:00:00,-0.16141929
2025-08-10 00:00:00,0.24864863
2025-08-10 01:00:00,0.7313771
2025-08-10 02:00:00,1.1515656
2025-08-10 03:00:00,1.4151458
2025-08-10 04:00:00,1.4226282
2025-08-10 05:00:00,1.2333418
2025-08-10 06:00:00,0.8646814
2025-08-10 07:00:00,0.3867185
2025-08-10 08:00:00,-0.05038069
2025-08-10 09:00:00,-0.331765
2025-08-10 10:00:00,-0.4148411
2025-08-10 11:00:00,-0.286367
2025-08-10 12:00:00,0.036122914
2025-08-10 13:00:00,0.44743556
2025-08-10 14:00:00,0.85711104
2025-08-10 15:00:00,1.1362951
2025-08-10 16:00:00,1.2128986
2025-08-10 17:00:00,1.068132
2025-08-10 18:00:00,0.7469812
2025-08-10 19:00:00,0.31264508
2025-08-10 20:00:00,-0.10707749
2025-08-10 21:00:00,-0.3942201
2025-08-10 22:00:00,-0.4726382
2025-08-10 23:00:00,-0.32053328
2025-08-11 00:00:00,0.024721311
2025-08-11 01:00:00,0.4924669
2025-08-11 02:00:00,0.98081064
2025-08-11 03:00:00,1.3594851
2025-08-11 04:00:00,1.5115114
2025-08-11 05:00:00,1.4282509
2025-08-11 06:00:00,1.1428561
2025-08-11 07:00:00,0.68842834
2025-08-11 08:00:00,0.18233757
2025-08-11 09:00:00,-0.2153231
2025-08-11 10:00:00,-0.42867583
2025-08-11 11:00:00,-0.4134446
2025-08-11 12:00:00,-0.17769438
2025-08-11 13:00:00,0.2199279
2025-08-11 14:00:00,0.6805398
2025-08-11 15:00:00,1.076156
2025-08-11 16:00:00,1.2845035
2025-08-11 17:00:00,1.2652436
2025-08-11 18:00:00,1.0472366
2025-08-11 19:00:00,0.6698252
2025-08-11 20:00:00,0.21392322
2025-08-11 21:00:00,-0.17641135
2025-08-11 22:00:00,-0.3893244
2025-08-11 23:00:00,-0.38828552
2025-08-12 00:00:00,-0.17052205
2025-08-12 01:00:00,0.23147616
2025-08-12 02:00:00,0.7119146
2025-08-12 03:00:00,1.1717752
2025-08-12 04:00:00,1.4621913
2025-08-12 05:00:00,1.5186639
2025-08-12 06:00:00,1.3444394
2025-08-12 07:00:00,0.97683936
2025-08-12 08:00:00,0.48281804
2025-08-12 09:00:00,0.006888256
2025-08-12 10:00:00,-0.33117977
2025-08-12 11:00:00,-0.4494093
2025-08-12 12:00:00,-0.331683
